mx,my,yaw,cmd
191.040514,-76.678098,-72.318069,
195.669133,-85.755594,-63.290527,
199.181743,-95.707117,-75.155265,
203.123087,-105.434634,-68.597783,
207.348888,-115.093219,-68.472477,
211.963158,-124.252349,-55.19941,
216.276789,-133.910344,-57.672897,
219.201626,-141.087202,-91.59931,
